{
  "version": 1,
  "author": "Keerthi r v Rajkumar v r",
  "editor": "wokwi",
  "parts": [
    { "type": "wokwi-breadboard", "id": "bb1", "top": 150.6, "left": -64.4, "attrs": {} },
    { "type": "wokwi-arduino-uno", "id": "uno", "top": -76.2, "left": -10.2, "attrs": {} },
    { "type": "wokwi-servo", "id": "servo1", "top": -222.8, "left": 105.6, "attrs": {} },
    {
      "type": "wokwi-led",
      "id": "led1",
      "top": 226.8,
      "left": 128.6,
      "attrs": { "color": "red" }
    },
    {
      "type": "wokwi-resistor",
      "id": "r1",
      "top": 215.15,
      "left": 86.4,
      "attrs": { "value": "1000" }
    }
  ],
  "connections": [
    [ "servo1:V+", "uno:5V", "green", [ "h48", "v278.5" ] ],
    [ "servo1:GND", "uno:GND.1", "black", [ "h0", "v105.6" ] ],
    [ "servo1:PWM", "uno:9", "green", [ "h0" ] ],
    [ "led1:A", "bb1:21b.f", "", [ "$bb" ] ],
    [ "led1:C", "bb1:20b.f", "", [ "$bb" ] ],
    [ "led1:A", "bb1:20t.d", "green", [ "v-38.4", "h-9.6" ] ],
    [ "r1:1", "bb1:14t.c", "", [ "$bb" ] ],
    [ "r1:2", "bb1:20t.c", "", [ "$bb" ] ],
    [ "r1:1", "uno:9", "green", [ "v-288", "h67.2" ] ],
    [ "bb1:20b.g", "uno:GND.1", "green", [ "v-345.6", "h-38.4" ] ]
  ],
  "dependencies": {}
}